threshold,mean_iou
0.1,0.12328762489164787
0.15000000000000002,0.12328762489164787
0.2,0.12267186134484982
0.25,0.12267186134484982
0.30000000000000004,0.12267186134484982
0.35,0.12267186134484982
0.4,0.12267186134484982
0.45000000000000007,0.12267186134484982
0.5,0.12267186134484982
0.55,0.12267186134484982
0.6,0.12267186134484982
0.65,0.12267186134484982
0.7000000000000001,0.12097814221993805
0.75,0.12097814221993805
0.8,0.12403624619547321
0.85,0.12403624619547321
0.9,0.12600217017974583
